# douyin.tsv — 抖音/短视频平台社区规范风险词(平台专属层,适用于视频标题、口播稿、评论区文案)
# 依据:《抖音社区自律公约》及电商创作者违规词公开治理规则汇总
# severity: block=明确违规 | risk=限流/高风险 | caution=需结合语境
# 格式(每行, TAB 分隔): 词<TAB>类别<TAB>严重度<TAB>替换建议
# 维护: 修改词库后同步更新本文件头部的版本号
# version: 2026.09
# ---- 医疗功效宣称 ----
消炎	医疗功效	block	改为"舒缓"
抗菌	医疗功效	risk	仅持证类目可用
祛痘	医疗功效	risk	需化妆品功效依据
生发	医疗功效	block	删除
七天瘦	医疗功效	block	删除
瘦十斤	医疗功效	block	删除
排毒	医疗功效	block	删除
调节内分泌	医疗功效	block	删除
治疗	医疗功效	block	普通商品删除,药品需资质
# ---- 价格误导(电商直播重点治理) ----
全网最低价	价格误导	block	改为"直播间专享价"
破价	价格误导	risk	改为"限时优惠价"
史上最低	价格误导	block	改为具体价格与活动期
亏本甩	价格误导	risk	改为"限时特价"
0元领	价格误导	risk	写清附加条件
原价X现价X	价格误导	risk	"原价"须有近期成交记录
拍A发B	价格误导	block	删除
# ---- 站外引流 ----
加微信	站外引流	block	引导站内私信/粉丝群
微信号	站外引流	block	删除
vx	站外引流	block	删除
V信	站外引流	block	删除
威信	站外引流	block	删除
扣扣	站外引流	block	删除
扫码	站外引流	block	删除
二维码	站外引流	block	删除
外部链接	站外引流	risk	仅可挂载平台允许的组件
# ---- 赌博等违法风险 ----
博彩	违法风险	block	删除
赌局	违法风险	block	删除
下注	违法风险	risk	体育/娱乐语境慎用,涉金钱必删
办证	违法风险	block	删除
代办证书	违法风险	block	删除
破解版	违法风险	block	删除(侵权软件推广)
外挂	违法风险	block	删除(破坏平台公平性)
# ---- 迷信玄学 ----
算命	迷信玄学	risk	改为"民俗文化分享"
看相	迷信玄学	risk	改为"面相文化科普"
转运	迷信玄学	risk	改为"好彩头"
开光	迷信玄学	risk	改为"仪式感"
法事	迷信玄学	block	删除
改命	迷信玄学	block	删除
# ---- 直播话术风险 ----
最后一波	话术风险	caution	虚假紧迫感易投诉,确保真实
仅剩最后X件	话术风险	risk	库存须真实可查
手慢无	话术风险	caution	配合真实活动使用
老铁扣1	话术风险	caution	可用,但避免诱导性承诺
私聊	站外引流	caution	站内私信可用,勿引导站外
不买后悔	话术风险	caution	改为"值得试试的理由是…"
